Bianca,ColourPop,Lipstick,198,143,137,$6.00 ,https://colourpop.com/product/bianca/,https://colourpop.com/wp-content/uploads/2016/04/Ultra-Matte-Biana-500x500@2x.png
Privacy Please,ColourPop,Lipstick,181,108,158,$6.00 ,https://colourpop.com/product/privacy-please/,https://colourpop.com/wp-content/uploads/2016/04/Ultra-Matte-Privacy-Please-500x500@2x.png
Cheap Thrills,ColourPop,Lipstick,179,118,128,$6.00 ,https://colourpop.com/product/cheap-thrills/,https://colourpop.com/wp-content/uploads/2016/04/Ultra-Matte-Cheap-Thrills-500x500@2x.png
Are N Be,ColourPop,Lipstick,165,96,103,$6.00 ,https://colourpop.com/product/are-be/,https://colourpop.com/wp-content/uploads/2016/04/Ultra-Matte-Are-Be-500x500@2x.png
Chi,ColourPop,Lipstick,182,135,120,$6.00 ,https://colourpop.com/product/chi/,https://colourpop.com/wp-content/uploads/2016/02/KaePop-UML-3-500x500@2x.jpg
Kae,ColourPop,Lipstick,159,78,54,$6.00 ,https://colourpop.com/product/kae/,https://colourpop.com/wp-content/uploads/2016/02/KaePop-UML-2-500x500@2x.jpg
Rooch,ColourPop,Lipstick,122,43,46,$6.00 ,https://colourpop.com/product/rooch/,https://colourpop.com/wp-content/uploads/2016/02/Kaepop-UML-1-700x700@2x.jpg
Lumiere 2,ColourPop,Lipstick,167,115,123,$6.00 ,https://colourpop.com/product/lumiere-2/,https://colourpop.com/wp-content/uploads/2016/01/Ultra-Matte-Lumiere-500x500@2x.jpg
Vice,ColourPop,Lipstick,224,173,159,$6.00 ,https://colourpop.com/product/vice/,https://21xbqp47bhl33rua4p23hlhl-wpengine.netdna-ssl.com/wp-content/uploads/2015/06/Ultra-Matte-Lip-Vice-600x600.jpg
Platform,ColourPop,Lipstick,201,138,117,$6.00 ,https://colourpop.com/product/platform/,https://colourpop.com/wp-content/uploads/2015/11/Ultra-Matte-Product-Platform-500x500@2x.jpg
Midi,ColourPop,Lipstick,208,150,148,$6.00 ,https://colourpop.com/product/midi/,https://21xbqp47bhl33rua4p23hlhl-wpengine.netdna-ssl.com/wp-content/uploads/2015/06/Ultra-Matte-Lip-Midi-600x600.jpg
Shimmy,ColourPop,Lipstick,212,155,154,$6.00 ,https://colourpop.com/product/shimmy/,https://21xbqp47bhl33rua4p23hlhl-wpengine.netdna-ssl.com/wp-content/uploads/2015/06/Ultra-Matte-Lip-Shimmy-600x600.jpg
Solow,ColourPop,Lipstick,219,131,135,$6.00 ,https://colourpop.com/product/solow/,https://21xbqp47bhl33rua4p23hlhl-wpengine.netdna-ssl.com/wp-content/uploads/2015/06/Ultra-Matte-Lip-Solow-600x600.jpg
Donut,ColourPop,Lipstick,220,120,124,$6.00 ,https://colourpop.com/product/donut/,https://21xbqp47bhl33rua4p23hlhl-wpengine.netdna-ssl.com/wp-content/uploads/2015/06/Ultra-Matte-Lip-Donut-600x600.jpg
Clueless,ColourPop,Lipstick,208,134,144,$6.00 ,https://colourpop.com/product/clueless/,https://21xbqp47bhl33rua4p23hlhl-wpengine.netdna-ssl.com/wp-content/uploads/2015/08/Ultra-Matte-Clueless-600x600.jpg
Bad Habit,ColourPop,Lipstick,182,110,122,$6.00 ,https://colourpop.com/product/bad-habit/,https://21xbqp47bhl33rua4p23hlhl-wpengine.netdna-ssl.com/wp-content/uploads/2015/09/bad-habit-1024x1024.jpg
Scrooge,ColourPop,Lipstick,193,91,110,$6.00 ,https://colourpop.com/product/scrooge/,https://21xbqp47bhl33rua4p23hlhl-wpengine.netdna-ssl.com/wp-content/uploads/2015/11/Ultra-Matte-Product-Scrooge-1024x1024.jpg
More Better,ColourPop,Lipstick,170,58,99,$6.00 ,https://colourpop.com/product/more-better/,https://21xbqp47bhl33rua4p23hlhl-wpengine.netdna-ssl.com/wp-content/uploads/2015/09/more-better-1024x1024.jpg
Seesaw,ColourPop,Lipstick,214,148,168,$6.00 ,https://colourpop.com/product/seesaw/,https://21xbqp47bhl33rua4p23hlhl-wpengine.netdna-ssl.com/wp-content/uploads/2015/06/Ultra-Matte-Lip-Seesaw-600x600.jpg
Lychee,ColourPop,Lipstick,197,93,148,$6.00 ,https://colourpop.com/product/lychee/,https://21xbqp47bhl33rua4p23hlhl-wpengine.netdna-ssl.com/wp-content/uploads/2015/06/Ultra-Matte-Lip-Lychee-600x600.jpg
1st Base,ColourPop,Lipstick,227,125,138,$6.00 ,https://colourpop.com/product/1st-base/,https://21xbqp47bhl33rua4p23hlhl-wpengine.netdna-ssl.com/wp-content/uploads/2015/06/Ultra-Matte-Lip-1st-Base-600x600.jpg
Koala,ColourPop,Lipstick,219,144,176,$6.00 ,https://colourpop.com/product/koala/,https://21xbqp47bhl33rua4p23hlhl-wpengine.netdna-ssl.com/wp-content/uploads/2015/06/Ultra-Matte-Lip-Koala-600x600.jpg
Sundae,ColourPop,Lipstick,228,90,152,$6.00 ,https://colourpop.com/product/sundae/,https://21xbqp47bhl33rua4p23hlhl-wpengine.netdna-ssl.com/wp-content/uploads/2015/06/Ultra-Matte-Lip-Sundae-600x600.jpg
Highball,ColourPop,Lipstick,225,80,125,$6.00 ,https://colourpop.com/product/highball/,https://21xbqp47bhl33rua4p23hlhl-wpengine.netdna-ssl.com/wp-content/uploads/2015/06/Ultra-Matte-Lip-Highball-600x600.jpg
Mars,ColourPop,Lipstick,219,63,108,$6.00 ,https://colourpop.com/product/mars/,https://21xbqp47bhl33rua4p23hlhl-wpengine.netdna-ssl.com/wp-content/uploads/2015/06/Ultra-Matte-Lip-Mars-600x600.jpg
Ouiji,ColourPop,Lipstick,230,84,90,$6.00 ,https://colourpop.com/product/ouiji/,https://21xbqp47bhl33rua4p23hlhl-wpengine.netdna-ssl.com/wp-content/uploads/2015/06/Ultra-Matte-Lip-Ouiji-600x600.jpg
Instigator,ColourPop,Lipstick,200,132,105,$6.00 ,https://colourpop.com/product/instigator/,https://21xbqp47bhl33rua4p23hlhl-wpengine.netdna-ssl.com/wp-content/uploads/2015/09/investigator-1024x1024.jpg
Pacific,ColourPop,Lipstick,245,98,76,$6.00 ,https://colourpop.com/product/pacific/,https://21xbqp47bhl33rua4p23hlhl-wpengine.netdna-ssl.com/wp-content/uploads/2015/06/Ultra-Matte-Lip-Pacific-600x600.jpg
First Class,ColourPop,Lipstick,221,91,52,$6.00 ,https://colourpop.com/product/first-class/,https://21xbqp47bhl33rua4p23hlhl-wpengine.netdna-ssl.com/wp-content/uploads/2015/09/first-class-1024x1024.jpg
Succulent,ColourPop,Lipstick,233,65,53,$6.00 ,https://colourpop.com/product/succulent/,https://21xbqp47bhl33rua4p23hlhl-wpengine.netdna-ssl.com/wp-content/uploads/2015/06/Ultra-Matte-Lip-Succulent-600x600.jpg
Creeper,ColourPop,Lipstick,216,58,61,$6.00 ,https://colourpop.com/product/creeper/,https://21xbqp47bhl33rua4p23hlhl-wpengine.netdna-ssl.com/wp-content/uploads/2015/06/Ultra-Matte-Lip-Creeper-600x600.jpg
Avenue,ColourPop,Lipstick,147,53,60,$6.00 ,https://colourpop.com/product/avenue/,https://21xbqp47bhl33rua4p23hlhl-wpengine.netdna-ssl.com/wp-content/uploads/2015/06/Ultra-Matte-Lip-Avenue-600x600.jpg
LAX,ColourPop,Lipstick,108,41,42,$6.00 ,https://colourpop.com/product/lax/,https://21xbqp47bhl33rua4p23hlhl-wpengine.netdna-ssl.com/wp-content/uploads/2015/06/Ultra-Matte-Lip-LAX-600x600.jpg
Zipper,ColourPop,Lipstick,147,78,124,$6.00 ,https://colourpop.com/product/zipper/,https://21xbqp47bhl33rua4p23hlhl-wpengine.netdna-ssl.com/wp-content/uploads/2015/06/Ultra-Matte-Lip-Zipper-600x600.jpg
Be-Dazzled,ColourPop,Lipstick,124,57,150,$6.00 ,https://colourpop.com/product/be-dazzled/,https://21xbqp47bhl33rua4p23hlhl-wpengine.netdna-ssl.com/wp-content/uploads/2015/08/Ultra-Matte-Bedazzled-600x600.jpg
Trap,ColourPop,Lipstick,178,138,131,$6.00 ,https://colourpop.com/product/trap/,https://21xbqp47bhl33rua4p23hlhl-wpengine.netdna-ssl.com/wp-content/uploads/2015/06/Ultra-Matte-Lip-Trap-600x600.jpg
Teeny Tiny,ColourPop,Lipstick,159,106,104,$6.00 ,https://colourpop.com/product/teeny-tiny/,https://21xbqp47bhl33rua4p23hlhl-wpengine.netdna-ssl.com/wp-content/uploads/2015/11/Ultra-Matte-Product-Teeny-Tiny-1024x1024.jpg
Beeper,ColourPop,Lipstick,171,107,95,$6.00 ,https://colourpop.com/product/beeper/,https://21xbqp47bhl33rua4p23hlhl-wpengine.netdna-ssl.com/wp-content/uploads/2015/08/Ultra-Matte-Beeper-600x600.jpg
Bumble,ColourPop,Lipstick,204,101,92,$6.00 ,https://colourpop.com/product/bumble/,https://21xbqp47bhl33rua4p23hlhl-wpengine.netdna-ssl.com/wp-content/uploads/2015/06/Ultra-Matte-Lip-Bumble-600x600.jpg
Chilly Chili,ColourPop,Lipstick,182,104,90,$6.00 ,https://colourpop.com/product/chilly-chili/,https://21xbqp47bhl33rua4p23hlhl-wpengine.netdna-ssl.com/wp-content/uploads/2015/09/chilly-chili-1024x1024.jpg
StingRAYE,ColourPop,Lipstick,168,111,100,$6.00 ,https://colourpop.com/product/stingraye/,https://21xbqp47bhl33rua4p23hlhl-wpengine.netdna-ssl.com/wp-content/uploads/2015/11/Ultra-Matte-Sting-Raye-1024x1024.jpg
Tulle,ColourPop,Lipstick,158,74,77,$6.00 ,https://colourpop.com/product/tulle/,https://21xbqp47bhl33rua4p23hlhl-wpengine.netdna-ssl.com/wp-content/uploads/2015/06/Ultra-Matte-Lip-Tulle-600x600.jpg
Kapow,ColourPop,Lipstick,134,93,97,$6.00 ,https://colourpop.com/product/kapow/,https://21xbqp47bhl33rua4p23hlhl-wpengine.netdna-ssl.com/wp-content/uploads/2015/08/Ultra-Matte-Kapow-600x600.jpg
Limbo,ColourPop,Lipstick,134,74,58,$6.00 ,https://colourpop.com/product/limbo/,https://21xbqp47bhl33rua4p23hlhl-wpengine.netdna-ssl.com/wp-content/uploads/2015/06/Ultra-Matte-Lip-Limbo-600x600.jpg
Guess,ColourPop,Lipstick,71,14,64,$6.00 ,https://colourpop.com/product/guess/,https://21xbqp47bhl33rua4p23hlhl-wpengine.netdna-ssl.com/wp-content/uploads/2015/08/Ultra-Matte-Guess-600x600.jpg
Dr. M,ColourPop,Lipstick,26,87,82,$6.00 ,https://colourpop.com/product/dr-m/,https://21xbqp47bhl33rua4p23hlhl-wpengine.netdna-ssl.com/wp-content/uploads/2015/08/Ultra-Matte-Dr.M-600x600.jpg
Jellies,ColourPop,Lipstick,56,85,136,$6.00 ,https://colourpop.com/product/jellies/,https://21xbqp47bhl33rua4p23hlhl-wpengine.netdna-ssl.com/wp-content/uploads/2015/08/Ultra-Matte-Jellies-600x600.jpg
